1,9290,2013-11-07 04:34:56 -0800,1,1
2,2262,2013-11-10 02:44:56 -0800,1,1
3,9588,2013-11-13 01:49:37 -0800,1,1
4,1634,2013-11-06 20:44:00 -0800,1,1
5,4440,2013-11-10 05:19:05 -0800,1,1
6,6950,2013-11-11 11:29:52 -0800,1,1
7,4095,2013-11-12 14:38:29 -0800,1,1
8,5727,2013-11-12 06:03:54 -0800,2,2
9,9128,2013-11-13 01:48:15 -0800,3,4
10,5160,2013-11-08 04:31:41 -0800,3,4
11,1030,2013-11-10 18:56:53 -0800,3,4
12,5179,2013-11-08 16:36:03 -0800,3,4
13,3450,2013-11-12 12:00:35 -0800,3,4
14,4978,2013-11-10 01:51:24 -0800,3,4
15,8924,2013-11-10 11:31:16 -0800,3,4
16,2277,2013-11-09 01:16:47 -0800,3,4
17,3442,2013-11-10 04:16:12 -0800,4,7
18,5375,2013-11-08 12:21:41 -0800,4,5
19,9035,2013-11-11 03:37:15 -0800,4,6
20,51,2013-11-10 09:48:05 -0800,4,5
21,8963,2013-11-10 12:26:30 -0800,4,7
22,7180,2013-11-12 06:40:46 -0800,5,9
23,8382,2013-11-09 08:13:09 -0800,5,8
24,3776,2013-11-08 16:12:20 -0800,5,8
25,4951,2013-11-09 23:42:41 -0800,5,9
26,9690,2013-11-09 21:45:12 -0800,5,9
27,2851,2013-11-13 04:14:40 -0800,5,10
28,9015,2013-11-06 14:19:49 -0800,5,8
29,8445,2013-11-11 06:44:12 -0800,5,8
30,7459,2013-11-10 01:44:14 -0800,5,8
31,2977,2013-11-09 10:57:21 -0800,6,13
32,1980,2013-11-12 03:41:53 -0800,7,14
33,8559,2013-11-11 06:26:33 -0800,7,14
34,6027,2013-11-07 13:01:30 -0800,7,14
35,8375,2013-11-10 17:04:00 -0800,7,14
36,6433,2013-11-11 15:39:50 -0800,7,14
37,6350,2013-11-07 20:25:38 -0800,7,14
38,1995,2013-11-11 16:20:22 -0800,7,14
39,9348,2013-11-08 10:38:56 -0800,8,17
40,5432,2013-11-12 01:22:56 -0800,8,15
41,4263,2013-11-08 16:36:05 -0800,8,16
42,3043,2013-11-07 12:01:03 -0800,8,17
43,8222,2013-11-13 05:56:55 -0800,8,17
44,1458,2013-11-10 01:42:35 -0800,8,17
45,7011,2013-11-07 20:57:31 -0800,8,18
46,9111,2013-11-08 16:05:24 -0800,8,18
47,8150,2013-11-08 00:40:59 -0800,8,15
48,2510,2013-11-10 00:43:31 -0800,9,21
49,3697,2013-11-11 18:43:56 -0800,9,20
50,5420,2013-11-07 19:30:03 -0800,9,19
51,9341,2013-11-09 10:18:19 -0800,9,21
52,3461,2013-11-13 05:05:00 -0800,9,22
53,844,2013-11-08 21:50:58 -0800,10,27
54,1410,2013-11-12 23:13:10 -0800,10,27
55,9333,2013-11-09 15:44:59 -0800,10,25
56,2731,2013-11-10 01:37:13 -0800,10,25
57,5017,2013-11-12 19:57:23 -0800,10,27
58,4111,2013-11-11 00:27:44 -0800,10,26
59,3233,2013-11-08 11:50:45 -0800,10,23
60,5949,2013-11-11 02:43:04 -0800,10,23
61,626,2013-11-07 15:47:38 -0800,11,28
62,8296,2013-11-07 00:31:35 -0800,11,32
63,4522,2013-11-08 23:23:56 -0800,11,28
64,8362,2013-11-07 05:30:08 -0800,11,30
65,9460,2013-11-13 00:58:12 -0800,11,32
66,9711,2013-11-11 15:36:04 -0800,12,35
67,963,2013-11-08 15:12:25 -0800,12,33
68,295,2013-11-10 01:21:48 -0800,12,33
69,10,2013-11-10 00:03:56 -0800,13,38
70,2838,2013-11-09 13:30:15 -0800,13,38
71,564,2013-11-08 18:43:45 -0800,14,40
72,593,2013-11-08 04:55:34 -0800,14,40
73,4154,2013-11-08 18:31:12 -0800,14,40
74,6070,2013-11-10 19:58:53 -0800,15,41
75,7256,2013-11-07 11:12:18 -0800,15,41
76,6071,2013-11-08 11:28:57 -0800,15,41
77,5365,2013-11-09 07:35:23 -0800,15,41
78,886,2013-11-08 23:59:36 -0800,15,44
79,9682,2013-11-13 07:13:19 -0800,15,41
80,8084,2013-11-09 06:20:31 -0800,15,44
81,4991,2013-11-08 20:28:54 -0800,16,47
82,6867,2013-11-07 07:58:18 -0800,16,48
83,8415,2013-11-06 11:29:41 -0800,16,47
84,8790,2013-11-08 02:15:19 -0800,16,46
85,2832,2013-11-10 00:44:12 -0800,16,48
86,7454,2013-11-11 07:56:35 -0800,16,48
87,2497,2013-11-11 04:54:54 -0800,16,45
88,9679,2013-11-09 14:17:35 -0800,17,50
89,3313,2013-11-12 13:20:28 -0800,17,50
90,1793,2013-11-10 10:11:20 -0800,17,50
91,6010,2013-11-10 01:42:37 -0800,17,50
92,434,2013-11-11 00:18:23 -0800,17,50
93,3654,2013-11-11 09:42:24 -0800,17,50
94,4170,2013-11-11 03:55:44 -0800,18,52
95,5579,2013-11-06 10:07:58 -0800,18,51
96,2289,2013-11-10 17:23:48 -0800,19,57
97,8743,2013-11-08 04:24:05 -0800,19,56
98,3187,2013-11-10 17:03:33 -0800,19,57
99,6930,2013-11-10 13:23:07 -0800,19,55
100,4573,2013-11-08 15:18:32 -0800,19,56
101,6539,2013-11-12 06:44:41 -0800,20,58
102,6390,2013-11-11 02:06:01 -0800,20,58
103,3310,2013-11-09 10:25:22 -0800,20,58
104,5690,2013-11-11 06:23:19 -0800,20,58
105,8672,2013-11-08 12:28:53 -0800,20,58
106,7028,2013-11-07 22:40:04 -0800,21,60
107,3779,2013-11-08 05:40:53 -0800,21,60
108,822,2013-11-11 01:44:44 -0800,21,63
109,1826,2013-11-10 02:53:07 -0800,21,59
110,3751,2013-11-07 21:31:14 -0800,21,62
111,5889,2013-11-09 20:25:45 -0800,21,62
112,7797,2013-11-11 13:48:16 -0800,22,64
113,4564,2013-11-06 18:33:45 -0800,22,64
114,4548,2013-11-08 01:47:50 -0800,22,65
115,7870,2013-11-10 07:07:29 -0800,22,66
116,6858,2013-11-09 06:00:22 -0800,22,67
117,7912,2013-11-10 08:21:58 -0800,22,65
118,785,2013-11-11 14:35:45 -0800,23,72
119,1664,2013-11-12 15:45:49 -0800,23,69
120,1810,2013-11-10 22:19:43 -0800,23,70
121,4890,2013-11-09 22:01:19 -0800,23,70
122,4847,2013-11-08 04:09:35 -0800,23,69
123,4480,2013-11-12 10:13:45 -0800,24,73
124,4636,2013-11-13 02:57:50 -0800,24,73
125,3128,2013-11-08 06:34:47 -0800,25,74
126,4221,2013-11-10 22:36:50 -0800,25,74
127,5790,2013-11-08 06:20:42 -0800,25,74
128,1143,2013-11-06 08:40:22 -0800,25,74
129,1195,2013-11-10 10:40:40 -0800,25,74
130,9173,2013-11-09 18:43:19 -0800,25,74
131,4911,2013-11-12 05:43:19 -0800,25,74
132,6509,2013-11-12 21:23:36 -0800,26,75
133,1628,2013-11-12 18:37:47 -0800,26,77
134,9088,2013-11-12 11:28:58 -0800,26,75
135,1257,2013-11-07 21:05:27 -0800,26,76
136,4694,2013-11-06 15:30:59 -0800,26,76
137,4838,2013-11-12 09:10:10 -0800,26,75
138,4112,2013-11-10 11:20:55 -0800,27,78
139,294,2013-11-08 06:10:28 -0800,27,82
140,2924,2013-11-09 22:17:00 -0800,27,80
141,4589,2013-11-11 06:02:18 -0800,28,85
142,3220,2013-11-08 01:28:06 -0800,29,87
143,8521,2013-11-07 15:56:41 -0800,29,87
144,9430,2013-11-10 03:24:10 -0800,29,88
145,7916,2013-11-08 11:35:38 -0800,29,88
146,4589,2013-11-08 12:53:02 -0800,29,87
147,8111,2013-11-10 04:31:10 -0800,29,88
148,7863,2013-11-13 04:29:57 -0800,29,86
149,3091,2013-11-12 07:52:56 -0800,29,88
150,717,2013-11-06 23:53:18 -0800,30,91
151,5184,2013-11-07 12:32:39 -0800,30,89
152,6377,2013-11-08 04:15:30 -0800,30,90
153,3068,2013-11-08 12:03:41 -0800,30,89
154,250,2013-11-12 14:25:06 -0800,30,89
155,2515,2013-11-07 21:05:48 -0800,30,89
156,6380,2013-11-12 19:11:50 -0800,30,91
157,1159,2013-11-09 08:04:14 -0800,30,89
158,5091,2013-11-11 01:40:51 -0800,31,94
159,2264,2013-11-12 08:31:13 -0800,31,92
160,2397,2013-11-09 23:32:57 -0800,31,92
161,5435,2013-11-06 20:50:02 -0800,31,93
162,3357,2013-11-09 05:29:45 -0800,32,97
163,4371,2013-11-09 00:00:24 -0800,32,97
164,3654,2013-11-08 01:40:32 -0800,33,103
165,9646,2013-11-13 02:23:23 -0800,33,103
166,4895,2013-11-09 14:56:25 -0800,33,102
167,3590,2013-11-06 10:13:39 -0800,33,102
168,4096,2013-11-07 03:33:58 -0800,33,101
169,1814,2013-11-12 21:54:03 -0800,33,101
170,2462,2013-11-13 07:03:27 -0800,33,101
171,56,2013-11-11 20:40:32 -0800,33,103
172,1710,2013-11-06 11:27:57 -0800,34,107
173,4758,2013-11-09 21:51:17 -0800,34,107
174,6619,2013-11-08 15:52:48 -0800,34,107
175,5824,2013-11-07 21:51:51 -0800,34,105
176,2091,2013-11-10 04:35:06 -0800,34,107
177,2820,2013-11-09 16:45:19 -0800,34,106
178,9558,2013-11-12 02:34:54 -0800,35,110
179,2964,2013-11-12 00:39:14 -0800,35,111
180,5870,2013-11-10 17:07:30 -0800,35,109
181,9570,2013-11-06 19:04:38 -0800,35,111
182,7443,2013-11-07 21:54:43 -0800,35,109
183,6647,2013-11-08 09:51:36 -0800,35,112
184,8787,2013-11-07 02:19:05 -0800,36,117
185,1985,2013-11-13 07:49:09 -0800,37,118
186,9242,2013-11-08 09:07:17 -0800,37,118
187,821,2013-11-07 01:34:39 -0800,37,118
188,44,2013-11-12 03:37:54 -0800,37,118
189,7264,2013-11-11 08:53:44 -0800,38,122
190,7070,2013-11-10 23:45:28 -0800,38,120
191,2661,2013-11-09 07:22:39 -0800,38,123
192,343,2013-11-11 17:16:11 -0800,38,119
193,5893,2013-11-08 14:42:23 -0800,38,121
194,8775,2013-11-07 04:14:21 -0800,38,121
195,2259,2013-11-12 17:02:28 -0800,38,120
196,8165,2013-11-12 04:22:55 -0800,38,120
197,7878,2013-11-11 09:57:51 -0800,39,124
198,9237,2013-11-07 08:17:20 -0800,39,126
199,8435,2013-11-06 19:17:53 -0800,40,128
200,8311,2013-11-12 03:21:43 -0800,40,128
201,5438,2013-11-07 02:11:04 -0800,40,130
202,4683,2013-11-08 20:18:25 -0800,40,131
203,6675,2013-11-11 13:23:24 -0800,40,129
204,2667,2013-11-12 01:29:25 -0800,40,127
205,9298,2013-11-11 02:34:34 -0800,40,131
206,6478,2013-11-08 05:16:16 -0800,40,131
207,8142,2013-11-11 13:38:21 -0800,40,131
208,3163,2013-11-09 15:14:14 -0800,41,135
209,4710,2013-11-07 11:06:39 -0800,41,134
210,3633,2013-11-10 16:05:19 -0800,41,133
211,6890,2013-11-10 17:10:02 -0800,41,132
212,3490,2013-11-09 01:00:25 -0800,42,139
213,6470,2013-11-12 04:10:02 -0800,42,139
214,1594,2013-11-10 00:30:40 -0800,43,141
215,6498,2013-11-10 17:38:00 -0800,43,141
216,5395,2013-11-08 18:05:00 -0800,43,144
217,7730,2013-11-10 14:39:55 -0800,43,142
218,2584,2013-11-09 12:03:56 -0800,43,143
219,2450,2013-11-09 17:06:22 -0800,43,144
220,7117,2013-11-09 13:30:02 -0800,44,146
221,6370,2013-11-07 14:32:09 -0800,44,146
222,8861,2013-11-09 10:37:07 -0800,44,145
223,6622,2013-11-11 12:30:20 -0800,44,146
224,8845,2013-11-12 01:50:28 -0800,44,146
225,4990,2013-11-10 16:40:30 -0800,44,145
226,6448,2013-11-10 23:53:41 -0800,44,145
227,4050,2013-11-08 20:21:18 -0800,44,145
228,9730,2013-11-08 05:44:39 -0800,45,149
229,420,2013-11-08 05:31:35 -0800,45,147
230,6014,2013-11-08 13:31:46 -0800,46,152
231,4474,2013-11-06 17:58:22 -0800,46,153
232,4126,2013-11-12 07:06:00 -0800,46,154
233,6039,2013-11-06 21:39:13 -0800,46,152
234,6180,2013-11-07 15:37:14 -0800,46,153
235,2060,2013-11-07 10:10:36 -0800,47,156
236,7097,2013-11-10 07:22:42 -0800,47,157
237,8480,2013-11-08 01:57:37 -0800,47,156
238,5465,2013-11-11 02:05:43 -0800,48,159
239,8410,2013-11-13 07:46:50 -0800,48,158
240,4094,2013-11-06 21:47:49 -0800,48,158
241,8136,2013-11-11 13:28:03 -0800,49,163
242,386,2013-11-08 00:22:18 -0800,49,160
243,4713,2013-11-08 19:02:57 -0800,50,164
244,6476,2013-11-09 06:19:02 -0800,50,164
245,7947,2013-11-09 21:20:06 -0800,50,164
246,8825,2013-11-11 05:31:18 -0800,50,164
247,1396,2013-11-09 03:50:04 -0800,52,166
248,3647,2013-11-06 11:26:08 -0800,52,166
249,877,2013-11-08 17:13:39 -0800,52,166
250,4129,2013-11-07 01:11:40 -0800,52,166
251,2686,2013-11-09 11:19:34 -0800,52,166
252,6875,2013-11-12 16:28:52 -0800,54,172
253,3924,2013-11-10 17:44:52 -0800,54,171
254,4969,2013-11-12 15:56:16 -0800,54,173
255,2145,2013-11-08 16:06:23 -0800,54,172
256,6672,2013-11-12 08:06:04 -0800,54,172
257,4890,2013-11-07 00:12:29 -0800,54,171
258,440,2013-11-07 21:13:46 -0800,54,175
259,9637,2013-11-06 10:10:43 -0800,54,171
260,6473,2013-11-09 15:59:29 -0800,56,181
261,2799,2013-11-09 15:35:38 -0800,56,181
262,4514,2013-11-09 02:55:04 -0800,56,182
263,3290,2013-11-07 06:54:19 -0800,57,185
264,3127,2013-11-06 18:21:19 -0800,57,185
265,3579,2013-11-12 12:20:22 -0800,57,186
266,3738,2013-11-11 06:28:33 -0800,57,186
267,7820,2013-11-10 15:37:34 -0800,57,186
268,6047,2013-11-11 20:23:04 -0800,58,187
269,2039,2013-11-12 21:47:32 -0800,58,188
270,1260,2013-11-10 00:51:12 -0800,58,187
271,5895,2013-11-12 11:19:40 -0800,58,187
272,9222,2013-11-13 05:18:21 -0800,59,193
273,2371,2013-11-08 01:39:35 -0800,59,193
274,579,2013-11-11 17:34:24 -0800,59,189
275,7367,2013-11-06 18:28:42 -0800,60,196
276,3929,2013-11-06 22:20:12 -0800,61,198
277,925,2013-11-07 15:48:31 -0800,61,198
278,1485,2013-11-07 13:57:58 -0800,61,197
279,8420,2013-11-07 11:44:22 -0800,61,197
280,2217,2013-11-13 08:14:17 -0800,62,202
281,6658,2013-11-09 10:04:24 -0800,62,199
282,3545,2013-11-11 06:21:52 -0800,62,202
283,3865,2013-11-11 00:09:20 -0800,62,199
284,3915,2013-11-07 00:05:29 -0800,62,202
285,2661,2013-11-08 11:58:44 -0800,62,203
286,5070,2013-11-13 06:31:13 -0800,62,200
287,2259,2013-11-12 00:51:43 -0800,63,204
288,7969,2013-11-12 15:59:09 -0800,63,204
289,6438,2013-11-08 08:52:08 -0800,63,204
290,1110,2013-11-07 13:11:38 -0800,64,207
291,5144,2013-11-10 16:11:06 -0800,64,208
292,2833,2013-11-09 01:44:39 -0800,64,206
293,3952,2013-11-11 12:26:19 -0800,64,205
294,2343,2013-11-07 19:54:56 -0800,64,206
295,7994,2013-11-09 11:33:15 -0800,64,208
296,9765,2013-11-08 00:34:14 -0800,65,210
297,1676,2013-11-07 08:43:47 -0800,65,211
298,6371,2013-11-07 11:27:06 -0800,65,210
299,634,2013-11-08 02:56:09 -0800,66,212
300,1591,2013-11-10 17:07:50 -0800,66,213
301,798,2013-11-12 02:42:02 -0800,66,213
302,1892,2013-11-12 04:01:34 -0800,67,214
303,6192,2013-11-06 10:31:44 -0800,67,215
304,6020,2013-11-08 08:13:00 -0800,67,216
305,6443,2013-11-13 05:31:07 -0800,67,215
306,8910,2013-11-12 05:11:23 -0800,67,216
307,6734,2013-11-11 16:13:13 -0800,68,217
308,9841,2013-11-10 01:15:58 -0800,68,217
309,8644,2013-11-11 12:21:06 -0800,68,217
310,6089,2013-11-08 01:05:21 -0800,68,217
311,3520,2013-11-08 20:36:34 -0800,69,219
312,9220,2013-11-10 17:54:37 -0800,69,220
313,3597,2013-11-10 17:22:52 -0800,70,224
314,166,2013-11-12 20:52:49 -0800,70,223
315,3628,2013-11-10 15:40:57 -0800,70,225
316,969,2013-11-12 13:07:19 -0800,70,224
317,1360,2013-11-06 17:47:55 -0800,70,225
318,2758,2013-11-06 16:13:06 -0800,70,224
319,4733,2013-11-08 07:41:09 -0800,70,222
320,1942,2013-11-07 05:31:05 -0800,71,227
321,2567,2013-11-10 10:15:15 -0800,72,231
322,1248,2013-11-08 17:20:01 -0800,73,237
323,3222,2013-11-12 22:03:47 -0800,73,236
324,2555,2013-11-10 09:26:20 -0800,73,236
325,6540,2013-11-07 23:39:26 -0800,74,241
326,7184,2013-11-11 01:06:36 -0800,74,238
327,7920,2013-11-08 00:41:57 -0800,74,238
328,3895,2013-11-06 13:54:48 -0800,74,239
329,8957,2013-11-09 00:20:50 -0800,74,238
330,5150,2013-11-08 08:54:58 -0800,74,241
331,333,2013-11-11 08:35:36 -0800,74,239
332,1125,2013-11-06 18:07:32 -0800,74,238
333,7934,2013-11-10 20:37:21 -0800,74,239
334,6289,2013-11-11 00:40:32 -0800,75,242
335,9281,2013-11-06 23:56:46 -0800,75,243
336,3640,2013-11-11 23:21:30 -0800,76,244
337,2397,2013-11-08 23:48:45 -0800,76,245
338,4318,2013-11-12 22:21:21 -0800,76,244
339,3274,2013-11-12 20:53:34 -0800,77,247
340,5421,2013-11-12 17:13:47 -0800,77,248
341,1495,2013-11-08 18:34:38 -0800,77,249
342,3365,2013-11-09 21:01:55 -0800,77,248
343,5188,2013-11-09 04:45:17 -0800,78,250
344,141,2013-11-08 23:36:14 -0800,79,251
345,9894,2013-11-08 09:54:46 -0800,79,251
346,4617,2013-11-11 18:42:02 -0800,79,251
347,7652,2013-11-10 11:17:05 -0800,79,251
348,4243,2013-11-10 18:43:30 -0800,79,251
349,1444,2013-11-13 01:30:32 -0800,79,251
350,5265,2013-11-12 03:49:16 -0800,79,251
351,390,2013-11-12 00:40:05 -0800,81,255
352,2488,2013-11-12 06:46:55 -0800,81,254
353,8910,2013-11-07 05:04:33 -0800,81,254
354,7980,2013-11-09 01:58:48 -0800,81,255
355,7990,2013-11-09 09:07:07 -0800,81,255
356,4950,2013-11-13 07:30:48 -0800,81,254
357,4620,2013-11-08 16:27:56 -0800,81,255
358,660,2013-11-07 16:01:58 -0800,81,254
359,3742,2013-11-06 17:28:04 -0800,82,257
360,7442,2013-11-11 01:24:02 -0800,82,258
361,2864,2013-11-09 14:40:55 -0800,82,256
362,4432,2013-11-10 20:11:18 -0800,82,258
363,8721,2013-11-12 13:49:27 -0800,82,256
364,7153,2013-11-13 04:31:13 -0800,82,257
365,462,2013-11-06 21:48:23 -0800,82,257
366,8959,2013-11-12 22:12:00 -0800,83,259
367,639,2013-11-08 13:58:42 -0800,84,261
368,8761,2013-11-11 02:34:14 -0800,84,260
369,7138,2013-11-09 00:20:02 -0800,84,260
370,5567,2013-11-10 13:56:35 -0800,84,261
371,3534,2013-11-10 14:42:32 -0800,84,261
372,4473,2013-11-11 16:54:16 -0800,84,260
373,747,2013-11-08 12:02:50 -0800,84,261
374,7389,2013-11-07 08:06:18 -0800,84,261
375,2092,2013-11-07 19:04:21 -0800,85,265
376,8644,2013-11-08 20:18:43 -0800,85,262
377,5799,2013-11-06 12:07:05 -0800,86,268
378,7186,2013-11-12 18:07:54 -0800,86,269
379,7648,2013-11-13 08:22:11 -0800,86,271
380,7120,2013-11-07 05:51:02 -0800,87,272
381,3057,2013-11-10 14:05:52 -0800,87,272
382,8481,2013-11-08 14:13:48 -0800,87,274
383,7180,2013-11-09 01:23:30 -0800,87,273
384,944,2013-11-12 15:48:00 -0800,87,273
385,6890,2013-11-11 23:27:58 -0800,88,276
386,897,2013-11-08 12:27:02 -0800,88,275
387,1022,2013-11-08 12:16:39 -0800,88,276
388,7528,2013-11-08 07:51:42 -0800,88,276
389,2140,2013-11-08 18:58:12 -0800,88,275
390,5183,2013-11-07 12:27:58 -0800,88,276
391,4459,2013-11-10 06:04:44 -0800,88,275
392,2633,2013-11-11 23:32:59 -0800,88,276
393,9837,2013-11-07 00:23:43 -0800,88,276
394,160,2013-11-06 20:35:05 -0800,89,281
395,5286,2013-11-12 04:15:27 -0800,89,278
396,3964,2013-11-11 03:01:37 -0800,89,277
397,1190,2013-11-10 04:23:19 -0800,89,279
398,9682,2013-11-07 09:03:12 -0800,89,279
399,7009,2013-11-07 07:58:54 -0800,89,280
400,95,2013-11-12 09:21:25 -0800,89,279
401,7723,2013-11-07 04:10:44 -0800,90,282
402,9644,2013-11-09 12:09:20 -0800,90,282
403,3534,2013-11-07 15:26:44 -0800,90,282
404,165,2013-11-13 08:24:53 -0800,90,282
405,9613,2013-11-11 10:12:51 -0800,90,282
406,9015,2013-11-12 06:54:58 -0800,92,286
407,38,2013-11-11 23:01:33 -0800,92,290
408,7348,2013-11-12 21:02:11 -0800,92,290
409,1271,2013-11-09 05:41:39 -0800,92,289
410,1720,2013-11-06 09:05:31 -0800,93,291
411,5660,2013-11-11 00:47:48 -0800,93,291
412,5528,2013-11-11 12:16:30 -0800,94,292
413,53,2013-11-07 19:27:54 -0800,94,292
414,9826,2013-11-11 15:59:44 -0800,94,292
415,6934,2013-11-07 22:29:53 -0800,94,292
416,1536,2013-11-09 02:45:17 -0800,94,292
417,2352,2013-11-13 00:58:40 -0800,94,292
418,2355,2013-11-12 11:11:34 -0800,95,295
419,9541,2013-11-11 22:42:26 -0800,95,296
420,5270,2013-11-11 01:29:37 -0800,95,295
421,7233,2013-11-12 20:51:23 -0800,95,295
422,864,2013-11-10 05:37:04 -0800,95,296
423,6117,2013-11-11 15:30:11 -0800,95,293
424,4393,2013-11-11 04:22:15 -0800,95,294
425,638,2013-11-12 22:27:06 -0800,95,294
426,4133,2013-11-08 14:56:57 -0800,96,298
427,6390,2013-11-08 04:05:43 -0800,96,298
428,2741,2013-11-07 13:56:36 -0800,96,298
429,3152,2013-11-13 00:37:28 -0800,96,298
430,5141,2013-11-09 18:03:05 -0800,96,298
431,2162,2013-11-11 15:41:41 -0800,96,298
432,4129,2013-11-13 04:12:36 -0800,96,298
433,3950,2013-11-08 05:04:24 -0800,97,299
434,9737,2013-11-08 04:04:19 -0800,97,299
435,5228,2013-11-09 03:37:47 -0800,97,299
436,2364,2013-11-08 19:50:08 -0800,97,299
437,9699,2013-11-09 03:36:03 -0800,97,299
438,9847,2013-11-10 10:51:05 -0800,97,299
439,7678,2013-11-10 02:17:43 -0800,97,299
440,3221,2013-11-09 09:26:12 -0800,98,300
441,8619,2013-11-07 18:45:50 -0800,98,301
442,3979,2013-11-08 22:30:52 -0800,98,301
443,2270,2013-11-08 03:29:04 -0800,98,301
444,1436,2013-11-13 03:06:22 -0800,99,302
445,4140,2013-11-06 17:32:30 -0800,99,304
446,44,2013-11-10 05:20:13 -0800,99,302
447,3768,2013-11-09 01:32:19 -0800,99,306
448,4955,2013-11-08 06:00:03 -0800,99,303
449,5339,2013-11-09 17:21:11 -0800,99,306
450,2173,2013-11-13 07:46:48 -0800,99,304
451,1966,2013-11-07 15:39:27 -0800,100,309
452,6470,2013-11-09 02:03:14 -0800,100,311
453,8721,2013-11-10 06:41:05 -0800,100,307
454,5239,2013-11-10 00:08:55 -0800,101,314
455,1419,2013-11-11 03:57:40 -0800,101,312
456,9450,2013-11-09 22:07:15 -0800,101,313
457,5171,2013-11-12 14:51:58 -0800,101,312
458,8109,2013-11-07 11:43:26 -0800,102,315
459,7070,2013-11-10 06:53:50 -0800,102,315
460,8230,2013-11-09 04:10:08 -0800,102,315
461,1963,2013-11-09 18:52:37 -0800,102,315
462,3196,2013-11-11 09:04:15 -0800,102,315
463,9870,2013-11-11 21:53:57 -0800,102,315
464,6351,2013-11-08 03:41:56 -0800,102,315
465,6659,2013-11-09 17:37:17 -0800,103,316
466,133,2013-11-07 05:31:34 -0800,103,316
467,1776,2013-11-06 20:20:38 -0800,103,317
468,2817,2013-11-12 05:09:51 -0800,103,316
469,1064,2013-11-10 05:35:49 -0800,103,317
470,8862,2013-11-11 11:26:30 -0800,103,318
471,4184,2013-11-12 10:52:42 -0800,104,319
472,8031,2013-11-10 07:08:11 -0800,104,319
473,7356,2013-11-10 21:42:35 -0800,104,319
474,4250,2013-11-12 14:05:34 -0800,104,319
475,3090,2013-11-10 01:44:16 -0800,104,319
476,872,2013-11-12 08:52:25 -0800,104,319
477,3690,2013-11-11 07:20:31 -0800,104,319
478,3350,2013-11-09 05:16:46 -0800,104,319
479,1810,2013-11-10 15:00:09 -0800,105,323
480,2487,2013-11-09 23:47:11 -0800,106,326
481,1710,2013-11-10 15:45:21 -0800,106,328
482,6936,2013-11-10 02:26:29 -0800,106,327
483,4427,2013-11-10 15:14:19 -0800,106,325
484,2643,2013-11-11 09:05:41 -0800,106,326
485,5594,2013-11-07 03:48:03 -0800,106,325
486,5439,2013-11-12 08:43:57 -0800,106,328
487,6284,2013-11-06 23:20:58 -0800,106,328
488,1420,2013-11-08 10:42:56 -0800,106,328
489,2885,2013-11-08 05:30:51 -0800,107,329
490,5992,2013-11-09 00:52:31 -0800,107,332
491,5412,2013-11-06 21:51:45 -0800,107,329
492,1310,2013-11-12 07:11:32 -0800,108,336
493,3769,2013-11-07 06:44:10 -0800,108,335
494,1630,2013-11-10 12:00:47 -0800,108,334
495,9845,2013-11-11 20:43:51 -0800,108,336
496,5054,2013-11-08 00:41:07 -0800,108,335
497,2266,2013-11-08 20:25:19 -0800,108,334
498,531,2013-11-07 14:09:58 -0800,108,334
499,2665,2013-11-09 09:01:29 -0800,109,338
500,2492,2013-11-11 22:21:57 -0800,109,337
501,8738,2013-11-07 12:25:39 -0800,109,338
502,7173,2013-11-09 23:00:20 -0800,109,337
503,6978,2013-11-11 15:25:57 -0800,109,338
504,6909,2013-11-09 23:29:20 -0800,109,338
505,2546,2013-11-12 15:33:38 -0800,109,338
506,4132,2013-11-11 12:39:25 -0800,109,338
507,5453,2013-11-10 03:18:18 -0800,109,337
508,735,2013-11-12 12:07:39 -0800,110,342
509,6453,2013-11-11 20:25:59 -0800,110,342
510,9890,2013-11-12 23:33:15 -0800,110,339
511,4950,2013-11-08 02:27:58 -0800,110,340
512,973,2013-11-09 02:58:50 -0800,110,339
513,6330,2013-11-06 14:53:29 -0800,110,342
514,7559,2013-11-12 01:25:57 -0800,110,339
515,2280,2013-11-10 06:07:07 -0800,110,342
516,7578,2013-11-08 08:30:27 -0800,111,343
517,3175,2013-11-12 12:19:29 -0800,111,343
518,8760,2013-11-12 01:11:28 -0800,111,345
519,5070,2013-11-10 20:25:08 -0800,111,344
520,6110,2013-11-12 13:54:05 -0800,111,344
521,6433,2013-11-10 03:28:34 -0800,111,344
522,2938,2013-11-09 08:16:52 -0800,111,344
523,9596,2013-11-09 14:18:12 -0800,112,346
524,5128,2013-11-12 07:44:08 -0800,112,348
525,3426,2013-11-10 04:40:48 -0800,112,347
526,3976,2013-11-12 12:23:25 -0800,112,349
527,80,2013-11-10 12:33:37 -0800,113,352
528,5879,2013-11-09 13:37:35 -0800,113,351
529,3740,2013-11-10 18:01:14 -0800,113,352
530,9370,2013-11-09 22:12:20 -0800,114,353
531,640,2013-11-07 17:06:26 -0800,114,354
532,2790,2013-11-11 08:50:34 -0800,114,353
533,1854,2013-11-10 02:33:15 -0800,114,354
534,9350,2013-11-09 03:23:23 -0800,114,354
535,4873,2013-11-08 02:50:29 -0800,114,354
536,3970,2013-11-08 23:41:34 -0800,114,354
537,8789,2013-11-11 20:04:21 -0800,114,354
538,4436,2013-11-07 10:25:15 -0800,115,355
539,8420,2013-11-10 08:50:56 -0800,115,357
540,4978,2013-11-06 16:20:08 -0800,115,355
541,3228,2013-11-07 08:50:49 -0800,115,355
542,5257,2013-11-06 20:03:37 -0800,115,355
543,2049,2013-11-12 04:52:38 -0800,115,356
544,1395,2013-11-07 16:07:31 -0800,115,357
545,6611,2013-11-07 21:00:43 -0800,116,359
546,5969,2013-11-07 19:37:05 -0800,116,358
547,5813,2013-11-07 01:55:03 -0800,117,364
548,7051,2013-11-06 14:33:27 -0800,117,361
549,4798,2013-11-07 19:55:51 -0800,117,364
550,3526,2013-11-10 10:58:31 -0800,117,364
551,860,2013-11-13 01:10:34 -0800,117,362
552,822,2013-11-09 22:25:58 -0800,117,362
553,3013,2013-11-11 20:20:14 -0800,117,363
554,5850,2013-11-07 08:07:31 -0800,120,376
555,5455,2013-11-12 22:01:56 -0800,120,373
556,165,2013-11-06 12:32:03 -0800,120,374
557,1462,2013-11-07 18:31:31 -0800,120,375
558,511,2013-11-10 08:14:18 -0800,120,373
559,5129,2013-11-11 10:35:09 -0800,120,376
560,8213,2013-11-12 18:48:51 -0800,121,378
561,3325,2013-11-11 03:53:54 -0800,121,377
562,668,2013-11-12 05:36:24 -0800,121,378
563,597,2013-11-10 13:08:23 -0800,121,377
564,3250,2013-11-07 00:58:14 -0800,121,378
565,9086,2013-11-08 13:44:38 -0800,121,379
566,7017,2013-11-12 18:06:32 -0800,121,378
567,9100,2013-11-08 15:40:45 -0800,121,377
568,5642,2013-11-07 21:29:37 -0800,121,378
569,1345,2013-11-06 14:37:45 -0800,122,382
570,6722,2013-11-11 13:16:03 -0800,122,383
571,8248,2013-11-06 14:20:37 -0800,122,381
572,7683,2013-11-09 17:53:43 -0800,122,383
573,5376,2013-11-12 14:38:48 -0800,122,383
574,4927,2013-11-12 08:00:49 -0800,122,384
575,4243,2013-11-06 15:14:35 -0800,123,386
576,3813,2013-11-07 02:25:48 -0800,123,387
577,7137,2013-11-08 06:35:54 -0800,123,385
578,767,2013-11-09 11:15:00 -0800,123,385
579,2150,2013-11-08 22:37:34 -0800,123,385
580,1814,2013-11-07 21:12:55 -0800,123,387
581,8825,2013-11-06 13:53:22 -0800,123,387
582,1218,2013-11-09 02:51:00 -0800,123,385
583,5650,2013-11-09 02:05:36 -0800,125,392
584,2669,2013-11-09 06:10:28 -0800,125,391
585,1328,2013-11-11 16:30:38 -0800,125,391
586,350,2013-11-10 05:05:35 -0800,125,393
587,8081,2013-11-10 00:32:33 -0800,125,392
588,9079,2013-11-08 10:03:36 -0800,125,392
589,4588,2013-11-09 22:16:10 -0800,126,394
590,4467,2013-11-10 16:49:58 -0800,126,394
591,537,2013-11-13 03:51:12 -0800,126,394
592,2176,2013-11-11 17:27:05 -0800,126,394
593,6518,2013-11-12 09:20:27 -0800,126,394
594,8150,2013-11-11 08:40:18 -0800,126,394
595,9590,2013-11-09 11:33:00 -0800,126,394
596,7031,2013-11-07 10:18:22 -0800,126,394
597,4742,2013-11-11 08:37:10 -0800,126,394
598,7513,2013-11-10 08:13:25 -0800,127,397
599,1267,2013-11-10 10:55:03 -0800,127,399
600,1495,2013-11-11 23:46:02 -0800,127,399
601,6673,2013-11-10 03:40:03 -0800,127,397
602,6745,2013-11-08 20:43:30 -0800,127,398
603,1324,2013-11-11 17:11:31 -0800,127,395
604,9487,2013-11-06 10:28:01 -0800,128,400
605,5058,2013-11-11 07:29:02 -0800,128,400
606,628,2013-11-10 01:47:20 -0800,129,401
607,2290,2013-11-11 19:34:09 -0800,129,401
608,7142,2013-11-07 21:36:48 -0800,129,401
609,7468,2013-11-13 01:08:41 -0800,129,401
610,3771,2013-11-08 13:09:15 -0800,129,401
611,8264,2013-11-12 18:50:00 -0800,129,401
612,5154,2013-11-12 12:14:49 -0800,129,401
613,2777,2013-11-08 15:49:49 -0800,129,401
614,8420,2013-11-13 00:03:25 -0800,131,406
615,7295,2013-11-12 14:57:39 -0800,131,406
616,7811,2013-11-06 23:18:49 -0800,131,406
617,7420,2013-11-10 16:51:06 -0800,131,406
618,3979,2013-11-06 16:44:56 -0800,131,406
619,8670,2013-11-08 01:56:25 -0800,131,406
620,613,2013-11-09 04:16:35 -0800,132,409
621,5386,2013-11-07 02:21:47 -0800,132,411
622,1054,2013-11-08 05:08:34 -0800,132,409
623,6648,2013-11-09 00:00:57 -0800,132,411
624,9334,2013-11-09 00:23:18 -0800,132,411
625,4381,2013-11-07 17:53:54 -0800,132,411
626,645,2013-11-12 04:40:17 -0800,132,408
627,2224,2013-11-09 22:15:01 -0800,132,407
628,4310,2013-11-10 17:13:33 -0800,133,414
629,8130,2013-11-08 03:08:08 -0800,133,414
630,4791,2013-11-07 16:37:20 -0800,133,415
631,7009,2013-11-12 21:39:15 -0800,133,412
632,8784,2013-11-07 10:14:29 -0800,133,412
633,8332,2013-11-11 10:17:31 -0800,134,417
634,9819,2013-11-10 02:06:54 -0800,134,417
635,2356,2013-11-11 10:40:09 -0800,134,416
636,7640,2013-11-13 00:29:24 -0800,134,417
637,3597,2013-11-07 00:43:10 -0800,134,416
638,6636,2013-11-07 10:42:41 -0800,134,416
639,8679,2013-11-10 12:41:02 -0800,135,422
640,480,2013-11-08 09:02:17 -0800,136,425
641,748,2013-11-07 02:03:53 -0800,136,425
642,9656,2013-11-09 21:29:51 -0800,136,425
643,4953,2013-11-07 13:43:20 -0800,136,425
644,1577,2013-11-11 08:09:03 -0800,138,430
645,199,2013-11-09 18:19:49 -0800,138,431
646,1791,2013-11-09 09:51:30 -0800,138,430
647,7516,2013-11-07 10:13:44 -0800,138,429
648,471,2013-11-09 02:53:26 -0800,138,428
649,2927,2013-11-10 13:40:47 -0800,138,430
650,9676,2013-11-09 07:48:20 -0800,138,430
651,8730,2013-11-06 18:20:47 -0800,138,430
652,6978,2013-11-12 19:58:25 -0800,139,433
653,9570,2013-11-07 18:12:16 -0800,139,433
654,7250,2013-11-13 04:01:42 -0800,140,435
655,530,2013-11-09 08:16:17 -0800,141,436
656,8678,2013-11-08 15:04:31 -0800,141,436
657,8114,2013-11-09 00:05:49 -0800,141,436
658,3422,2013-11-13 01:18:24 -0800,141,436
659,6356,2013-11-08 13:05:11 -0800,142,437
660,5826,2013-11-11 23:38:02 -0800,142,438
661,7833,2013-11-10 23:38:03 -0800,142,438
662,219,2013-11-09 22:53:37 -0800,142,438
663,6472,2013-11-08 13:58:39 -0800,142,437
664,4874,2013-11-11 09:08:39 -0800,142,438
665,8145,2013-11-12 12:20:59 -0800,142,437
666,9847,2013-11-11 19:14:30 -0800,142,438
667,8316,2013-11-12 11:56:21 -0800,142,437
668,8654,2013-11-07 19:48:13 -0800,143,441
669,4430,2013-11-13 07:45:56 -0800,143,442
670,4642,2013-11-10 00:38:57 -0800,143,442
671,8373,2013-11-07 22:02:43 -0800,143,444
672,8030,2013-11-11 19:10:54 -0800,143,440
673,1536,2013-11-12 18:49:56 -0800,143,442
674,73,2013-11-09 04:07:40 -0800,143,440
675,5352,2013-11-07 09:48:22 -0800,144,445
676,1777,2013-11-10 17:15:27 -0800,144,448
677,5014,2013-11-09 15:12:22 -0800,144,447
678,780,2013-11-08 08:25:28 -0800,144,445
679,8570,2013-11-06 11:17:13 -0800,144,445
680,2170,2013-11-10 05:54:26 -0800,144,445
681,3411,2013-11-07 13:38:54 -0800,145,450
682,1644,2013-11-10 21:29:35 -0800,145,449
683,836,2013-11-10 11:18:36 -0800,145,450
684,7194,2013-11-11 03:49:03 -0800,145,452
685,3431,2013-11-07 11:33:00 -0800,145,449
686,4542,2013-11-07 22:53:36 -0800,145,449
687,3329,2013-11-09 08:24:02 -0800,145,451
688,1564,2013-11-11 13:39:26 -0800,146,454
689,5755,2013-11-10 18:02:45 -0800,146,454
690,3579,2013-11-11 17:11:21 -0800,146,454
691,3260,2013-11-10 20:48:38 -0800,146,453
692,2533,2013-11-11 22:31:38 -0800,147,456
693,4378,2013-11-11 07:24:34 -0800,148,460
694,7118,2013-11-10 12:06:44 -0800,148,462
695,2472,2013-11-08 22:32:44 -0800,148,461
696,110,2013-11-07 05:28:56 -0800,148,459
697,2350,2013-11-11 16:17:46 -0800,148,461
698,2896,2013-11-10 12:33:41 -0800,148,461
699,4856,2013-11-07 18:01:23 -0800,150,472
700,4933,2013-11-07 12:50:40 -0800,150,469
701,5654,2013-11-09 19:32:28 -0800,150,471
702,5576,2013-11-07 03:50:13 -0800,150,468
703,5046,2013-11-11 14:27:33 -0800,150,469
704,8548,2013-11-07 00:20:05 -0800,150,471
705,2614,2013-11-07 04:46:10 -0800,151,473
706,3422,2013-11-10 21:11:58 -0800,151,473
707,6986,2013-11-11 19:47:48 -0800,151,473
708,7509,2013-11-06 11:34:06 -0800,151,473
709,281,2013-11-06 19:21:38 -0800,151,473
710,2030,2013-11-07 23:02:24 -0800,151,473
711,5067,2013-11-06 09:10:15 -0800,151,473
712,1944,2013-11-13 08:34:25 -0800,151,473
713,7095,2013-11-07 14:18:57 -0800,152,474
714,977,2013-11-09 13:20:03 -0800,152,474
715,4368,2013-11-08 05:53:17 -0800,152,475
716,3629,2013-11-10 03:48:22 -0800,152,474
717,2347,2013-11-12 23:11:47 -0800,152,475
718,8980,2013-11-07 18:12:32 -0800,152,474
719,9131,2013-11-09 08:48:40 -0800,152,474
720,5734,2013-11-10 21:02:14 -0800,152,475
721,4247,2013-11-09 10:29:10 -0800,152,475
722,7075,2013-11-10 20:57:36 -0800,153,477
723,1628,2013-11-06 22:14:32 -0800,153,477
724,8925,2013-11-08 05:41:14 -0800,153,479
725,98,2013-11-07 13:54:27 -0800,153,478
726,5446,2013-11-09 16:45:25 -0800,153,479
727,6370,2013-11-08 14:41:45 -0800,153,478
728,4847,2013-11-08 00:17:53 -0800,153,477
729,759,2013-11-09 04:55:51 -0800,154,481
730,9623,2013-11-09 08:54:22 -0800,154,481
731,9112,2013-11-11 20:56:03 -0800,154,480
732,4465,2013-11-09 10:46:36 -0800,154,482
733,4559,2013-11-07 12:58:02 -0800,155,483
734,7233,2013-11-09 03:01:50 -0800,155,484
735,110,2013-11-10 07:21:09 -0800,155,483
736,8796,2013-11-12 03:12:16 -0800,155,485
737,2144,2013-11-10 02:13:14 -0800,155,483
738,770,2013-11-09 15:56:33 -0800,155,484
739,7845,2013-11-07 23:00:41 -0800,156,487
740,892,2013-11-09 14:13:44 -0800,156,488
741,3993,2013-11-12 21:31:04 -0800,156,490
742,525,2013-11-07 19:03:57 -0800,157,494
743,6994,2013-11-08 12:00:33 -0800,157,491
744,4040,2013-11-10 23:44:49 -0800,157,493
745,672,2013-11-09 19:39:33 -0800,157,492
746,9358,2013-11-08 03:46:48 -0800,157,492
747,827,2013-11-06 17:43:22 -0800,157,494
748,280,2013-11-11 15:10:41 -0800,157,493
749,9357,2013-11-12 12:52:32 -0800,157,492
750,9382,2013-11-09 20:09:11 -0800,157,493
751,6100,2013-11-10 13:19:00 -0800,158,497
752,8594,2013-11-09 08:36:34 -0800,158,497
753,8643,2013-11-07 11:13:32 -0800,158,498
754,5323,2013-11-07 04:00:48 -0800,158,498
755,1481,2013-11-10 18:42:13 -0800,158,498
756,5240,2013-11-12 22:58:43 -0800,158,497
757,2596,2013-11-12 09:29:02 -0800,158,496
758,2620,2013-11-08 23:11:15 -0800,158,496
759,8957,2013-11-12 05:35:01 -0800,158,496
760,7326,2013-11-08 13:42:24 -0800,159,500
761,888,2013-11-07 15:48:37 -0800,159,499
762,3319,2013-11-13 03:23:21 -0800,159,499
763,3070,2013-11-07 09:38:14 -0800,160,502
764,3571,2013-11-06 11:42:35 -0800,160,501
765,5098,2013-11-08 10:02:40 -0800,160,501
766,3120,2013-11-09 17:30:26 -0800,160,505
767,2854,2013-11-06 11:12:05 -0800,162,514
768,5536,2013-11-06 11:01:13 -0800,162,512
769,3968,2013-11-09 00:03:42 -0800,163,519
770,9643,2013-11-09 22:40:11 -0800,163,519
771,9493,2013-11-12 10:52:10 -0800,163,516
772,30,2013-11-10 19:08:36 -0800,163,519
773,211,2013-11-07 14:03:43 -0800,163,517
774,1632,2013-11-13 01:09:36 -0800,164,522
775,9056,2013-11-12 21:34:14 -0800,164,524
776,5960,2013-11-12 23:58:15 -0800,164,521
777,6509,2013-11-07 13:45:11 -0800,164,524
778,9440,2013-11-11 04:35:07 -0800,164,520
779,5948,2013-11-06 14:30:07 -0800,164,522
780,5110,2013-11-08 17:02:31 -0800,164,523
781,9887,2013-11-06 18:34:13 -0800,164,523
782,9216,2013-11-13 02:06:02 -0800,165,529
783,2432,2013-11-09 01:40:57 -0800,165,529
784,3349,2013-11-09 23:06:49 -0800,165,529
785,4516,2013-11-09 07:40:54 -0800,165,525
786,7865,2013-11-08 04:05:37 -0800,166,531
787,2364,2013-11-13 03:44:39 -0800,166,531
788,4423,2013-11-07 12:26:32 -0800,166,532
789,6043,2013-11-13 04:54:55 -0800,166,531
790,6314,2013-11-11 23:24:59 -0800,166,532
791,533,2013-11-09 05:29:42 -0800,166,530
792,161,2013-11-13 07:00:19 -0800,166,531
793,5147,2013-11-07 23:42:31 -0800,166,532
794,3331,2013-11-11 04:09:30 -0800,167,537
795,250,2013-11-12 08:41:13 -0800,167,536
796,9682,2013-11-11 02:15:46 -0800,167,534
797,444,2013-11-07 02:42:36 -0800,167,535
798,5010,2013-11-09 05:08:12 -0800,168,538
799,8610,2013-11-11 21:39:11 -0800,168,538
800,9645,2013-11-12 09:58:11 -0800,168,538
801,7437,2013-11-10 06:18:31 -0800,168,538
802,7940,2013-11-11 11:29:41 -0800,168,538
803,9280,2013-11-07 13:59:41 -0800,169,539
804,8964,2013-11-11 10:26:27 -0800,169,539
805,1270,2013-11-08 07:19:25 -0800,169,539
806,8654,2013-11-07 02:15:09 -0800,169,539
807,1519,2013-11-07 01:24:09 -0800,169,539
808,158,2013-11-06 18:36:07 -0800,169,539
809,1288,2013-11-09 11:32:05 -0800,169,539
810,2600,2013-11-09 16:34:14 -0800,170,541
811,7398,2013-11-13 00:42:54 -0800,170,540
812,7151,2013-11-07 14:57:53 -0800,170,541
813,345,2013-11-09 10:43:23 -0800,170,540
814,5457,2013-11-12 22:48:47 -0800,170,542
815,1460,2013-11-09 14:09:38 -0800,170,542
816,6778,2013-11-11 03:24:56 -0800,170,540
817,3440,2013-11-06 15:43:14 -0800,171,544
818,2157,2013-11-07 21:12:48 -0800,171,544
819,3118,2013-11-11 18:50:28 -0800,171,543
820,810,2013-11-11 06:57:13 -0800,171,545
821,7912,2013-11-12 13:33:44 -0800,171,543
822,894,2013-11-13 02:58:53 -0800,172,546
823,7920,2013-11-12 23:54:49 -0800,172,548
824,2011,2013-11-09 13:42:46 -0800,172,546
825,517,2013-11-07 07:51:15 -0800,172,547
826,8313,2013-11-09 14:36:24 -0800,172,547
827,1120,2013-11-11 03:19:42 -0800,172,547
828,5020,2013-11-10 20:18:32 -0800,172,548
829,3112,2013-11-10 01:45:32 -0800,172,546
830,6838,2013-11-10 02:12:47 -0800,172,547
831,9850,2013-11-09 04:26:39 -0800,174,555
832,4570,2013-11-11 08:05:02 -0800,174,554
833,8920,2013-11-11 22:55:50 -0800,175,556
834,6237,2013-11-11 08:05:18 -0800,175,557
835,3874,2013-11-09 08:59:41 -0800,175,556
836,7534,2013-11-07 12:38:31 -0800,175,557
837,4822,2013-11-11 18:34:30 -0800,175,557
838,7865,2013-11-10 22:35:51 -0800,176,560
839,5763,2013-11-10 14:23:49 -0800,176,561
840,3479,2013-11-12 03:50:07 -0800,176,559
841,8274,2013-11-09 18:32:09 -0800,176,561
842,2900,2013-11-11 04:38:08 -0800,176,558
843,6594,2013-11-09 18:00:25 -0800,176,559
844,2980,2013-11-08 21:08:26 -0800,176,559
845,3250,2013-11-07 06:26:45 -0800,176,559
846,5170,2013-11-06 18:20:21 -0800,176,561
847,8899,2013-11-11 20:53:29 -0800,177,565
848,2576,2013-11-07 12:43:36 -0800,177,563
849,5710,2013-11-06 20:07:09 -0800,177,565
850,9391,2013-11-12 00:06:06 -0800,177,565
851,787,2013-11-07 08:41:34 -0800,177,564
852,6417,2013-11-08 07:54:42 -0800,178,569
853,6695,2013-11-13 00:45:37 -0800,178,568
854,6884,2013-11-08 17:26:37 -0800,178,567
855,8250,2013-11-11 08:07:04 -0800,179,571
856,6340,2013-11-12 04:55:32 -0800,181,578
857,890,2013-11-12 20:17:49 -0800,181,578
858,6940,2013-11-09 10:08:41 -0800,181,578
859,2341,2013-11-09 06:49:38 -0800,181,578
860,9220,2013-11-08 09:44:47 -0800,182,580
861,8379,2013-11-09 07:12:54 -0800,182,580
862,5260,2013-11-07 19:58:54 -0800,182,580
863,6740,2013-11-07 07:58:33 -0800,182,579
864,8876,2013-11-13 03:26:02 -0800,183,586
865,8932,2013-11-10 21:46:06 -0800,183,582
866,6780,2013-11-10 10:55:36 -0800,184,587
867,2556,2013-11-10 00:54:10 -0800,184,587
868,7220,2013-11-11 20:23:41 -0800,184,587
869,1470,2013-11-07 09:36:08 -0800,184,587
870,8341,2013-11-06 13:08:20 -0800,184,587
871,8579,2013-11-07 08:19:39 -0800,184,587
872,814,2013-11-12 02:38:20 -0800,185,588
873,5247,2013-11-12 13:16:40 -0800,186,589
874,2099,2013-11-10 21:19:13 -0800,186,589
875,390,2013-11-10 16:31:39 -0800,186,589
876,8298,2013-11-06 23:22:59 -0800,186,590
877,2359,2013-11-11 16:54:00 -0800,187,591
878,5538,2013-11-08 19:09:33 -0800,187,593
879,5654,2013-11-07 18:22:03 -0800,189,599
880,6110,2013-11-08 15:11:16 -0800,189,596
881,9382,2013-11-09 19:30:34 -0800,189,597
882,2783,2013-11-10 20:48:15 -0800,189,599
883,438,2013-11-08 10:58:55 -0800,189,598
884,8138,2013-11-06 23:30:21 -0800,189,598
885,7429,2013-11-13 01:46:29 -0800,189,597
886,4298,2013-11-09 20:11:56 -0800,189,599
887,2681,2013-11-07 15:22:03 -0800,189,599
888,4636,2013-11-07 12:20:19 -0800,190,602
889,564,2013-11-07 10:52:56 -0800,190,602
890,4691,2013-11-11 20:50:14 -0800,190,601
891,4467,2013-11-10 06:46:16 -0800,190,602
892,8280,2013-11-11 14:54:56 -0800,190,602
893,6312,2013-11-07 20:15:07 -0800,190,602
894,2928,2013-11-11 12:51:50 -0800,191,603
895,4412,2013-11-08 06:19:52 -0800,191,604
896,2078,2013-11-07 01:59:02 -0800,191,605
897,8039,2013-11-12 22:15:37 -0800,191,604
898,7263,2013-11-10 22:07:48 -0800,192,609
899,3979,2013-11-08 12:31:13 -0800,192,608
900,7987,2013-11-11 11:13:19 -0800,192,607
901,458,2013-11-07 16:38:13 -0800,192,610
902,2542,2013-11-13 00:52:28 -0800,193,613
903,3921,2013-11-12 22:47:49 -0800,194,617
904,9140,2013-11-11 07:26:01 -0800,194,617
905,7066,2013-11-06 11:20:10 -0800,194,617
906,4561,2013-11-09 16:32:58 -0800,194,616
907,9721,2013-11-08 07:07:20 -0800,194,616
908,3920,2013-11-09 01:13:54 -0800,194,617
909,67,2013-11-12 06:28:35 -0800,194,617
910,754,2013-11-06 20:51:22 -0800,194,616
911,4300,2013-11-10 13:44:29 -0800,195,618
912,476,2013-11-09 07:01:00 -0800,196,625
913,4040,2013-11-06 23:25:38 -0800,197,628
914,7097,2013-11-09 01:13:58 -0800,197,629
915,7809,2013-11-10 17:22:06 -0800,198,633
916,9223,2013-11-09 18:01:44 -0800,198,633
917,4299,2013-11-09 22:50:26 -0800,198,631
918,7514,2013-11-08 19:24:55 -0800,198,630
919,9583,2013-11-07 01:30:00 -0800,198,632
920,2236,2013-11-11 08:21:29 -0800,198,631
921,4770,2013-11-11 19:15:25 -0800,200,635
922,7773,2013-11-09 17:48:51 -0800,201,637
923,2599,2013-11-11 07:23:00 -0800,201,638
924,2189,2013-11-09 19:52:16 -0800,201,637
925,3243,2013-11-08 01:50:15 -0800,202,639
926,7097,2013-11-12 13:28:04 -0800,202,639
927,7534,2013-11-07 23:45:05 -0800,202,639
928,4217,2013-11-07 22:14:04 -0800,202,639
929,1620,2013-11-10 07:27:00 -0800,202,639
930,9266,2013-11-13 04:00:29 -0800,202,639
931,5160,2013-11-11 19:01:05 -0800,202,639
932,8510,2013-11-10 10:16:33 -0800,202,639
933,482,2013-11-11 13:50:01 -0800,203,641
934,969,2013-11-12 23:25:12 -0800,203,641
935,6567,2013-11-09 13:30:56 -0800,203,641
